scenario,year,age,age_vmt
default,0,0.0,12961.2246062893
default,0,1.0,12719.0327891821
default,0,2.0,12476.840972075
default,0,3.0,12234.6491549678
default,0,4.0,11992.4573378606
default,0,5.0,11750.2655207534
default,0,6.0,11508.0737036463
default,0,7.0,11265.8818865391
default,0,8.0,11023.6900694319
default,0,9.0,10781.4982523247
default,0,10.0,10539.3064352175
default,0,11.0,10297.1146181104
default,0,12.0,10054.9228010032
default,0,13.0,9812.73098389601
default,0,14.0,9570.53916678883
default,0,15.0,9328.34734968166
default,0,16.0,9086.15553257448
default,0,17.0,8843.9637154673
default,0,18.0,8601.77189836012
default,0,19.0,8359.58008125295
default,0,20.0,8117.38826414577
default,0,21.0,7875.19644703859
default,0,22.0,7633.00462993141
default,0,23.0,7390.81281282423
default,0,24.0,7148.62099571706
default,0,25.0,6906.42917860988
default,0,26.0,6664.2373615027
default,0,27.0,6422.04554439552
default,0,28.0,6179.85372728834
default,0,29.0,5937.66191018117
default,0,30.0,5695.47009307399
default,0,31.0,5453.27827596681
default,0,32.0,5211.08645885963
default,0,33.0,4968.89464175245
default,0,34.0,4726.70282464528
default,0,35.0,4484.5110075381
default,0,36.0,4242.31919043092
default,0,37.0,4000.12737332374
default,0,38.0,3757.93555621657
default,0,39.0,3515.74373910939
default,0,40.0,3273.55192200221
default,0,41.0,3031.36010489503
default,0,42.0,2789.16828778785
default,0,43.0,2546.97647068068
default,0,44.0,2304.7846535735
default,0,45.0,2062.59283646632
default,0,46.0,1820.40101935914
default,0,47.0,1578.20920225196
default,0,48.0,1336.01738514479
default,0,49.0,1093.82556803761
default,0,50.0,851.63375093043
eco_driving=default;charging=default;use_vmt=default;used_market_target_perc=default;production_ghg_cost_ice=default;production_ghg_cost_body=default;production_ghg_cost_kwh=default;veh_mpg=default;veh_mpge=default;new_powertrain_prop=default;electricity_ghg_kwh=default;gas_ghg_gallon=default,0,0.0,12961.2246062893
eco_driving=default;charging=default;use_vmt=default;used_market_target_perc=default;production_ghg_cost_ice=default;production_ghg_cost_body=default;production_ghg_cost_kwh=default;veh_mpg=default;veh_mpge=default;new_powertrain_prop=default;electricity_ghg_kwh=default;gas_ghg_gallon=default,0,1.0,12719.0327891821
eco_driving=default;charging=default;use_vmt=default;used_market_target_perc=default;production_ghg_cost_ice=default;production_ghg_cost_body=default;production_ghg_cost_kwh=default;veh_mpg=default;veh_mpge=default;new_powertrain_prop=default;electricity_ghg_kwh=default;gas_ghg_gallon=default,0,2.0,12476.840972075
eco_driving=default;charging=default;use_vmt=default;used_market_target_perc=default;production_ghg_cost_ice=default;production_ghg_cost_body=default;production_ghg_cost_kwh=default;veh_mpg=default;veh_mpge=default;new_powertrain_prop=default;electricity_ghg_kwh=default;gas_ghg_gallon=default,0,3.0,12234.6491549678
eco_driving=default;charging=default;use_vmt=default;used_market_target_perc=default;production_ghg_cost_ice=default;production_ghg_cost_body=default;production_ghg_cost_kwh=default;veh_mpg=default;veh_mpge=default;new_powertrain_prop=default;electricity_ghg_kwh=default;gas_ghg_gallon=default,0,4.0,11992.4573378606
eco_driving=default;charging=default;use_vmt=default;used_market_target_perc=default;production_ghg_cost_ice=default;production_ghg_cost_body=default;production_ghg_cost_kwh=default;veh_mpg=default;veh_mpge=default;new_powertrain_prop=default;electricity_ghg_kwh=default;gas_ghg_gallon=default,0,5.0,11750.2655207534
eco_driving=default;charging=default;use_vmt=default;used_market_target_perc=default;production_ghg_cost_ice=default;production_ghg_cost_body=default;production_ghg_cost_kwh=default;veh_mpg=default;veh_mpge=default;new_powertrain_prop=default;electricity_ghg_kwh=default;gas_ghg_gallon=default,0,6.0,11508.0737036463
eco_driving=default;charging=default;use_vmt=default;used_market_target_perc=default;production_ghg_cost_ice=default;production_ghg_cost_body=default;production_ghg_cost_kwh=default;veh_mpg=default;veh_mpge=default;new_powertrain_prop=default;electricity_ghg_kwh=default;gas_ghg_gallon=default,0,7.0,11265.8818865391
eco_driving=default;charging=default;use_vmt=default;used_market_target_perc=default;production_ghg_cost_ice=default;production_ghg_cost_body=default;production_ghg_cost_kwh=default;veh_mpg=default;veh_mpge=default;new_powertrain_prop=default;electricity_ghg_kwh=default;gas_ghg_gallon=default,0,8.0,11023.6900694319
eco_driving=default;charging=default;use_vmt=default;used_market_target_perc=default;production_ghg_cost_ice=default;production_ghg_cost_body=default;production_ghg_cost_kwh=default;veh_mpg=default;veh_mpge=default;new_powertrain_prop=default;electricity_ghg_kwh=default;gas_ghg_gallon=default,0,9.0,10781.4982523247
eco_driving=default;charging=default;use_vmt=default;used_market_target_perc=default;production_ghg_cost_ice=default;production_ghg_cost_body=default;production_ghg_cost_kwh=default;veh_mpg=default;veh_mpge=default;new_powertrain_prop=default;electricity_ghg_kwh=default;gas_ghg_gallon=default,0,10.0,10539.3064352175
eco_driving=default;charging=default;use_vmt=default;used_market_target_perc=default;production_ghg_cost_ice=default;production_ghg_cost_body=default;production_ghg_cost_kwh=default;veh_mpg=default;veh_mpge=default;new_powertrain_prop=default;electricity_ghg_kwh=default;gas_ghg_gallon=default,0,11.0,10297.1146181104
eco_driving=default;charging=default;use_vmt=default;used_market_target_perc=default;production_ghg_cost_ice=default;production_ghg_cost_body=default;production_ghg_cost_kwh=default;veh_mpg=default;veh_mpge=default;new_powertrain_prop=default;electricity_ghg_kwh=default;gas_ghg_gallon=default,0,12.0,10054.9228010032
eco_driving=default;charging=default;use_vmt=default;used_market_target_perc=default;production_ghg_cost_ice=default;production_ghg_cost_body=default;production_ghg_cost_kwh=default;veh_mpg=default;veh_mpge=default;new_powertrain_prop=default;electricity_ghg_kwh=default;gas_ghg_gallon=default,0,13.0,9812.73098389601
eco_driving=default;charging=default;use_vmt=default;used_market_target_perc=default;production_ghg_cost_ice=default;production_ghg_cost_body=default;production_ghg_cost_kwh=default;veh_mpg=default;veh_mpge=default;new_powertrain_prop=default;electricity_ghg_kwh=default;gas_ghg_gallon=default,0,14.0,9570.53916678883
eco_driving=default;charging=default;use_vmt=default;used_market_target_perc=default;production_ghg_cost_ice=default;production_ghg_cost_body=default;production_ghg_cost_kwh=default;veh_mpg=default;veh_mpge=default;new_powertrain_prop=default;electricity_ghg_kwh=default;gas_ghg_gallon=default,0,15.0,9328.34734968166
eco_driving=default;charging=default;use_vmt=default;used_market_target_perc=default;production_ghg_cost_ice=default;production_ghg_cost_body=default;production_ghg_cost_kwh=default;veh_mpg=default;veh_mpge=default;new_powertrain_prop=default;electricity_ghg_kwh=default;gas_ghg_gallon=default,0,16.0,9086.15553257448
eco_driving=default;charging=default;use_vmt=default;used_market_target_perc=default;production_ghg_cost_ice=default;production_ghg_cost_body=default;production_ghg_cost_kwh=default;veh_mpg=default;veh_mpge=default;new_powertrain_prop=default;electricity_ghg_kwh=default;gas_ghg_gallon=default,0,17.0,8843.9637154673
eco_driving=default;charging=default;use_vmt=default;used_market_target_perc=default;production_ghg_cost_ice=default;production_ghg_cost_body=default;production_ghg_cost_kwh=default;veh_mpg=default;veh_mpge=default;new_powertrain_prop=default;electricity_ghg_kwh=default;gas_ghg_gallon=default,0,18.0,8601.77189836012
eco_driving=default;charging=default;use_vmt=default;used_market_target_perc=default;production_ghg_cost_ice=default;production_ghg_cost_body=default;production_ghg_cost_kwh=default;veh_mpg=default;veh_mpge=default;new_powertrain_prop=default;electricity_ghg_kwh=default;gas_ghg_gallon=default,0,19.0,8359.58008125295
eco_driving=default;charging=default;use_vmt=default;used_market_target_perc=default;production_ghg_cost_ice=default;production_ghg_cost_body=default;production_ghg_cost_kwh=default;veh_mpg=default;veh_mpge=default;new_powertrain_prop=default;electricity_ghg_kwh=default;gas_ghg_gallon=default,0,20.0,8117.38826414577
eco_driving=default;charging=default;use_vmt=default;used_market_target_perc=default;production_ghg_cost_ice=default;production_ghg_cost_body=default;production_ghg_cost_kwh=default;veh_mpg=default;veh_mpge=default;new_powertrain_prop=default;electricity_ghg_kwh=default;gas_ghg_gallon=default,0,21.0,7875.19644703859
eco_driving=default;charging=default;use_vmt=default;used_market_target_perc=default;production_ghg_cost_ice=default;production_ghg_cost_body=default;production_ghg_cost_kwh=default;veh_mpg=default;veh_mpge=default;new_powertrain_prop=default;electricity_ghg_kwh=default;gas_ghg_gallon=default,0,22.0,7633.00462993141
eco_driving=default;charging=default;use_vmt=default;used_market_target_perc=default;production_ghg_cost_ice=default;production_ghg_cost_body=default;production_ghg_cost_kwh=default;veh_mpg=default;veh_mpge=default;new_powertrain_prop=default;electricity_ghg_kwh=default;gas_ghg_gallon=default,0,23.0,7390.81281282423
eco_driving=default;charging=default;use_vmt=default;used_market_target_perc=default;production_ghg_cost_ice=default;production_ghg_cost_body=default;production_ghg_cost_kwh=default;veh_mpg=default;veh_mpge=default;new_powertrain_prop=default;electricity_ghg_kwh=default;gas_ghg_gallon=default,0,24.0,7148.62099571706
eco_driving=default;charging=default;use_vmt=default;used_market_target_perc=default;production_ghg_cost_ice=default;production_ghg_cost_body=default;production_ghg_cost_kwh=default;veh_mpg=default;veh_mpge=default;new_powertrain_prop=default;electricity_ghg_kwh=default;gas_ghg_gallon=default,0,25.0,6906.42917860988
eco_driving=default;charging=default;use_vmt=default;used_market_target_perc=default;production_ghg_cost_ice=default;production_ghg_cost_body=default;production_ghg_cost_kwh=default;veh_mpg=default;veh_mpge=default;new_powertrain_prop=default;electricity_ghg_kwh=default;gas_ghg_gallon=default,0,26.0,6664.2373615027
eco_driving=default;charging=default;use_vmt=default;used_market_target_perc=default;production_ghg_cost_ice=default;production_ghg_cost_body=default;production_ghg_cost_kwh=default;veh_mpg=default;veh_mpge=default;new_powertrain_prop=default;electricity_ghg_kwh=default;gas_ghg_gallon=default,0,27.0,6422.04554439552
eco_driving=default;charging=default;use_vmt=default;used_market_target_perc=default;production_ghg_cost_ice=default;production_ghg_cost_body=default;production_ghg_cost_kwh=default;veh_mpg=default;veh_mpge=default;new_powertrain_prop=default;electricity_ghg_kwh=default;gas_ghg_gallon=default,0,28.0,6179.85372728834
eco_driving=default;charging=default;use_vmt=default;used_market_target_perc=default;production_ghg_cost_ice=default;production_ghg_cost_body=default;production_ghg_cost_kwh=default;veh_mpg=default;veh_mpge=default;new_powertrain_prop=default;electricity_ghg_kwh=default;gas_ghg_gallon=default,0,29.0,5937.66191018117
eco_driving=default;charging=default;use_vmt=default;used_market_target_perc=default;production_ghg_cost_ice=default;production_ghg_cost_body=default;production_ghg_cost_kwh=default;veh_mpg=default;veh_mpge=default;new_powertrain_prop=default;electricity_ghg_kwh=default;gas_ghg_gallon=default,0,30.0,5695.47009307399
eco_driving=default;charging=default;use_vmt=default;used_market_target_perc=default;production_ghg_cost_ice=default;production_ghg_cost_body=default;production_ghg_cost_kwh=default;veh_mpg=default;veh_mpge=default;new_powertrain_prop=default;electricity_ghg_kwh=default;gas_ghg_gallon=default,0,31.0,5453.27827596681
eco_driving=default;charging=default;use_vmt=default;used_market_target_perc=default;production_ghg_cost_ice=default;production_ghg_cost_body=default;production_ghg_cost_kwh=default;veh_mpg=default;veh_mpge=default;new_powertrain_prop=default;electricity_ghg_kwh=default;gas_ghg_gallon=default,0,32.0,5211.08645885963
eco_driving=default;charging=default;use_vmt=default;used_market_target_perc=default;production_ghg_cost_ice=default;production_ghg_cost_body=default;production_ghg_cost_kwh=default;veh_mpg=default;veh_mpge=default;new_powertrain_prop=default;electricity_ghg_kwh=default;gas_ghg_gallon=default,0,33.0,4968.89464175245
eco_driving=default;charging=default;use_vmt=default;used_market_target_perc=default;production_ghg_cost_ice=default;production_ghg_cost_body=default;production_ghg_cost_kwh=default;veh_mpg=default;veh_mpge=default;new_powertrain_prop=default;electricity_ghg_kwh=default;gas_ghg_gallon=default,0,34.0,4726.70282464528
eco_driving=default;charging=default;use_vmt=default;used_market_target_perc=default;production_ghg_cost_ice=default;production_ghg_cost_body=default;production_ghg_cost_kwh=default;veh_mpg=default;veh_mpge=default;new_powertrain_prop=default;electricity_ghg_kwh=default;gas_ghg_gallon=default,0,35.0,4484.5110075381
eco_driving=default;charging=default;use_vmt=default;used_market_target_perc=default;production_ghg_cost_ice=default;production_ghg_cost_body=default;production_ghg_cost_kwh=default;veh_mpg=default;veh_mpge=default;new_powertrain_prop=default;electricity_ghg_kwh=default;gas_ghg_gallon=default,0,36.0,4242.31919043092
eco_driving=default;charging=default;use_vmt=default;used_market_target_perc=default;production_ghg_cost_ice=default;production_ghg_cost_body=default;production_ghg_cost_kwh=default;veh_mpg=default;veh_mpge=default;new_powertrain_prop=default;electricity_ghg_kwh=default;gas_ghg_gallon=default,0,37.0,4000.12737332374
eco_driving=default;charging=default;use_vmt=default;used_market_target_perc=default;production_ghg_cost_ice=default;production_ghg_cost_body=default;production_ghg_cost_kwh=default;veh_mpg=default;veh_mpge=default;new_powertrain_prop=default;electricity_ghg_kwh=default;gas_ghg_gallon=default,0,38.0,3757.93555621657
eco_driving=default;charging=default;use_vmt=default;used_market_target_perc=default;production_ghg_cost_ice=default;production_ghg_cost_body=default;production_ghg_cost_kwh=default;veh_mpg=default;veh_mpge=default;new_powertrain_prop=default;electricity_ghg_kwh=default;gas_ghg_gallon=default,0,39.0,3515.74373910939
eco_driving=default;charging=default;use_vmt=default;used_market_target_perc=default;production_ghg_cost_ice=default;production_ghg_cost_body=default;production_ghg_cost_kwh=default;veh_mpg=default;veh_mpge=default;new_powertrain_prop=default;electricity_ghg_kwh=default;gas_ghg_gallon=default,0,40.0,3273.55192200221
eco_driving=default;charging=default;use_vmt=default;used_market_target_perc=default;production_ghg_cost_ice=default;production_ghg_cost_body=default;production_ghg_cost_kwh=default;veh_mpg=default;veh_mpge=default;new_powertrain_prop=default;electricity_ghg_kwh=default;gas_ghg_gallon=default,0,41.0,3031.36010489503
eco_driving=default;charging=default;use_vmt=default;used_market_target_perc=default;production_ghg_cost_ice=default;production_ghg_cost_body=default;production_ghg_cost_kwh=default;veh_mpg=default;veh_mpge=default;new_powertrain_prop=default;electricity_ghg_kwh=default;gas_ghg_gallon=default,0,42.0,2789.16828778785
eco_driving=default;charging=default;use_vmt=default;used_market_target_perc=default;production_ghg_cost_ice=default;production_ghg_cost_body=default;production_ghg_cost_kwh=default;veh_mpg=default;veh_mpge=default;new_powertrain_prop=default;electricity_ghg_kwh=default;gas_ghg_gallon=default,0,43.0,2546.97647068068
eco_driving=default;charging=default;use_vmt=default;used_market_target_perc=default;production_ghg_cost_ice=default;production_ghg_cost_body=default;production_ghg_cost_kwh=default;veh_mpg=default;veh_mpge=default;new_powertrain_prop=default;electricity_ghg_kwh=default;gas_ghg_gallon=default,0,44.0,2304.7846535735
eco_driving=default;charging=default;use_vmt=default;used_market_target_perc=default;production_ghg_cost_ice=default;production_ghg_cost_body=default;production_ghg_cost_kwh=default;veh_mpg=default;veh_mpge=default;new_powertrain_prop=default;electricity_ghg_kwh=default;gas_ghg_gallon=default,0,45.0,2062.59283646632
eco_driving=default;charging=default;use_vmt=default;used_market_target_perc=default;production_ghg_cost_ice=default;production_ghg_cost_body=default;production_ghg_cost_kwh=default;veh_mpg=default;veh_mpge=default;new_powertrain_prop=default;electricity_ghg_kwh=default;gas_ghg_gallon=default,0,46.0,1820.40101935914
eco_driving=default;charging=default;use_vmt=default;used_market_target_perc=default;production_ghg_cost_ice=default;production_ghg_cost_body=default;production_ghg_cost_kwh=default;veh_mpg=default;veh_mpge=default;new_powertrain_prop=default;electricity_ghg_kwh=default;gas_ghg_gallon=default,0,47.0,1578.20920225196
eco_driving=default;charging=default;use_vmt=default;used_market_target_perc=default;production_ghg_cost_ice=default;production_ghg_cost_body=default;production_ghg_cost_kwh=default;veh_mpg=default;veh_mpge=default;new_powertrain_prop=default;electricity_ghg_kwh=default;gas_ghg_gallon=default,0,48.0,1336.01738514479
eco_driving=default;charging=default;use_vmt=default;used_market_target_perc=default;production_ghg_cost_ice=default;production_ghg_cost_body=default;production_ghg_cost_kwh=default;veh_mpg=default;veh_mpge=default;new_powertrain_prop=default;electricity_ghg_kwh=default;gas_ghg_gallon=default,0,49.0,1093.82556803761
eco_driving=default;charging=default;use_vmt=default;used_market_target_perc=default;production_ghg_cost_ice=default;production_ghg_cost_body=default;production_ghg_cost_kwh=default;veh_mpg=default;veh_mpge=default;new_powertrain_prop=default;electricity_ghg_kwh=default;gas_ghg_gallon=default,0,50.0,851.63375093043
