scenario,year,age,high_vmt
default,0,0.0,75.99977944955269
default,0,1.0,76.2329785840529
default,0,2.0,76.4661777185531
default,0,3.0,76.69937685305331
default,0,4.0,76.93257598755349
default,0,5.0,77.1657751220537
default,0,6.0,77.3989742565539
default,0,7.0,77.63217339105411
default,0,8.0,77.8653725255543
default,0,9.0,78.0985716600545
default,0,10.0,78.3317707945548
default,0,11.0,78.564969929055
default,0,12.0,78.7981690635552
default,0,13.0,79.03136819805539
default,0,14.0,79.2645673325556
default,0,15.0,79.4977664670558
default,0,16.0,79.73096560155601
default,0,17.0,79.9641647360562
default,0,18.0,80.1973638705564
default,0,19.0,80.4305630050566
default,0,20.0,80.66376213955681
default,0,21.0,80.896961274057
default,0,22.0,81.13016040855719
default,0,23.0,81.3633595430574
default,0,24.0,81.5965586775576
default,0,25.0,81.8297578120578
default,0,26.0,82.062956946558
default,0,27.0,82.2961560810582
default,0,28.0,82.5293552155584
default,0,29.0,82.76255435005861
default,0,30.0,82.9957534845588
default,0,31.0,83.228952619059
default,0,32.0,83.4621517535592
default,0,33.0,83.69535088805941
default,0,34.0,83.9285500225596
default,0,35.0,84.1617491570598
default,0,36.0,84.39494829156
default,0,37.0,84.6281474260602
default,0,38.0,84.8613465605604
default,0,39.0,85.0945456950606
default,0,40.0,85.3277448295608
default,0,41.0,85.560943964061
default,0,42.0,85.79414309856121
default,0,43.0,86.0273422330614
default,0,44.0,86.2605413675616
default,0,45.0,86.4937405020618
default,0,46.0,86.726939636562
default,0,47.0,86.9601387710622
default,0,48.0,87.1933379055624
default,0,49.0,87.4265370400626
default,0,50.0,87.6597361745628
eco_driving=default;charging=default;use_vmt=default;used_market_target_perc=default;production_ghg_cost_ice=default;production_ghg_cost_body=default;production_ghg_cost_kwh=default;veh_mpg=default;veh_mpge=default;new_powertrain_prop=default;electricity_ghg_kwh=default;gas_ghg_gallon=default,0,0.0,75.99977944955269
eco_driving=default;charging=default;use_vmt=default;used_market_target_perc=default;production_ghg_cost_ice=default;production_ghg_cost_body=default;production_ghg_cost_kwh=default;veh_mpg=default;veh_mpge=default;new_powertrain_prop=default;electricity_ghg_kwh=default;gas_ghg_gallon=default,0,1.0,76.2329785840529
eco_driving=default;charging=default;use_vmt=default;used_market_target_perc=default;production_ghg_cost_ice=default;production_ghg_cost_body=default;production_ghg_cost_kwh=default;veh_mpg=default;veh_mpge=default;new_powertrain_prop=default;electricity_ghg_kwh=default;gas_ghg_gallon=default,0,2.0,76.4661777185531
eco_driving=default;charging=default;use_vmt=default;used_market_target_perc=default;production_ghg_cost_ice=default;production_ghg_cost_body=default;production_ghg_cost_kwh=default;veh_mpg=default;veh_mpge=default;new_powertrain_prop=default;electricity_ghg_kwh=default;gas_ghg_gallon=default,0,3.0,76.69937685305331
eco_driving=default;charging=default;use_vmt=default;used_market_target_perc=default;production_ghg_cost_ice=default;production_ghg_cost_body=default;production_ghg_cost_kwh=default;veh_mpg=default;veh_mpge=default;new_powertrain_prop=default;electricity_ghg_kwh=default;gas_ghg_gallon=default,0,4.0,76.93257598755349
eco_driving=default;charging=default;use_vmt=default;used_market_target_perc=default;production_ghg_cost_ice=default;production_ghg_cost_body=default;production_ghg_cost_kwh=default;veh_mpg=default;veh_mpge=default;new_powertrain_prop=default;electricity_ghg_kwh=default;gas_ghg_gallon=default,0,5.0,77.1657751220537
eco_driving=default;charging=default;use_vmt=default;used_market_target_perc=default;production_ghg_cost_ice=default;production_ghg_cost_body=default;production_ghg_cost_kwh=default;veh_mpg=default;veh_mpge=default;new_powertrain_prop=default;electricity_ghg_kwh=default;gas_ghg_gallon=default,0,6.0,77.3989742565539
eco_driving=default;charging=default;use_vmt=default;used_market_target_perc=default;production_ghg_cost_ice=default;production_ghg_cost_body=default;production_ghg_cost_kwh=default;veh_mpg=default;veh_mpge=default;new_powertrain_prop=default;electricity_ghg_kwh=default;gas_ghg_gallon=default,0,7.0,77.63217339105411
eco_driving=default;charging=default;use_vmt=default;used_market_target_perc=default;production_ghg_cost_ice=default;production_ghg_cost_body=default;production_ghg_cost_kwh=default;veh_mpg=default;veh_mpge=default;new_powertrain_prop=default;electricity_ghg_kwh=default;gas_ghg_gallon=default,0,8.0,77.8653725255543
eco_driving=default;charging=default;use_vmt=default;used_market_target_perc=default;production_ghg_cost_ice=default;production_ghg_cost_body=default;production_ghg_cost_kwh=default;veh_mpg=default;veh_mpge=default;new_powertrain_prop=default;electricity_ghg_kwh=default;gas_ghg_gallon=default,0,9.0,78.0985716600545
eco_driving=default;charging=default;use_vmt=default;used_market_target_perc=default;production_ghg_cost_ice=default;production_ghg_cost_body=default;production_ghg_cost_kwh=default;veh_mpg=default;veh_mpge=default;new_powertrain_prop=default;electricity_ghg_kwh=default;gas_ghg_gallon=default,0,10.0,78.3317707945548
eco_driving=default;charging=default;use_vmt=default;used_market_target_perc=default;production_ghg_cost_ice=default;production_ghg_cost_body=default;production_ghg_cost_kwh=default;veh_mpg=default;veh_mpge=default;new_powertrain_prop=default;electricity_ghg_kwh=default;gas_ghg_gallon=default,0,11.0,78.564969929055
eco_driving=default;charging=default;use_vmt=default;used_market_target_perc=default;production_ghg_cost_ice=default;production_ghg_cost_body=default;production_ghg_cost_kwh=default;veh_mpg=default;veh_mpge=default;new_powertrain_prop=default;electricity_ghg_kwh=default;gas_ghg_gallon=default,0,12.0,78.7981690635552
eco_driving=default;charging=default;use_vmt=default;used_market_target_perc=default;production_ghg_cost_ice=default;production_ghg_cost_body=default;production_ghg_cost_kwh=default;veh_mpg=default;veh_mpge=default;new_powertrain_prop=default;electricity_ghg_kwh=default;gas_ghg_gallon=default,0,13.0,79.03136819805539
eco_driving=default;charging=default;use_vmt=default;used_market_target_perc=default;production_ghg_cost_ice=default;production_ghg_cost_body=default;production_ghg_cost_kwh=default;veh_mpg=default;veh_mpge=default;new_powertrain_prop=default;electricity_ghg_kwh=default;gas_ghg_gallon=default,0,14.0,79.2645673325556
eco_driving=default;charging=default;use_vmt=default;used_market_target_perc=default;production_ghg_cost_ice=default;production_ghg_cost_body=default;production_ghg_cost_kwh=default;veh_mpg=default;veh_mpge=default;new_powertrain_prop=default;electricity_ghg_kwh=default;gas_ghg_gallon=default,0,15.0,79.4977664670558
eco_driving=default;charging=default;use_vmt=default;used_market_target_perc=default;production_ghg_cost_ice=default;production_ghg_cost_body=default;production_ghg_cost_kwh=default;veh_mpg=default;veh_mpge=default;new_powertrain_prop=default;electricity_ghg_kwh=default;gas_ghg_gallon=default,0,16.0,79.73096560155601
eco_driving=default;charging=default;use_vmt=default;used_market_target_perc=default;production_ghg_cost_ice=default;production_ghg_cost_body=default;production_ghg_cost_kwh=default;veh_mpg=default;veh_mpge=default;new_powertrain_prop=default;electricity_ghg_kwh=default;gas_ghg_gallon=default,0,17.0,79.9641647360562
eco_driving=default;charging=default;use_vmt=default;used_market_target_perc=default;production_ghg_cost_ice=default;production_ghg_cost_body=default;production_ghg_cost_kwh=default;veh_mpg=default;veh_mpge=default;new_powertrain_prop=default;electricity_ghg_kwh=default;gas_ghg_gallon=default,0,18.0,80.1973638705564
eco_driving=default;charging=default;use_vmt=default;used_market_target_perc=default;production_ghg_cost_ice=default;production_ghg_cost_body=default;production_ghg_cost_kwh=default;veh_mpg=default;veh_mpge=default;new_powertrain_prop=default;electricity_ghg_kwh=default;gas_ghg_gallon=default,0,19.0,80.4305630050566
eco_driving=default;charging=default;use_vmt=default;used_market_target_perc=default;production_ghg_cost_ice=default;production_ghg_cost_body=default;production_ghg_cost_kwh=default;veh_mpg=default;veh_mpge=default;new_powertrain_prop=default;electricity_ghg_kwh=default;gas_ghg_gallon=default,0,20.0,80.66376213955681
eco_driving=default;charging=default;use_vmt=default;used_market_target_perc=default;production_ghg_cost_ice=default;production_ghg_cost_body=default;production_ghg_cost_kwh=default;veh_mpg=default;veh_mpge=default;new_powertrain_prop=default;electricity_ghg_kwh=default;gas_ghg_gallon=default,0,21.0,80.896961274057
eco_driving=default;charging=default;use_vmt=default;used_market_target_perc=default;production_ghg_cost_ice=default;production_ghg_cost_body=default;production_ghg_cost_kwh=default;veh_mpg=default;veh_mpge=default;new_powertrain_prop=default;electricity_ghg_kwh=default;gas_ghg_gallon=default,0,22.0,81.13016040855719
eco_driving=default;charging=default;use_vmt=default;used_market_target_perc=default;production_ghg_cost_ice=default;production_ghg_cost_body=default;production_ghg_cost_kwh=default;veh_mpg=default;veh_mpge=default;new_powertrain_prop=default;electricity_ghg_kwh=default;gas_ghg_gallon=default,0,23.0,81.3633595430574
eco_driving=default;charging=default;use_vmt=default;used_market_target_perc=default;production_ghg_cost_ice=default;production_ghg_cost_body=default;production_ghg_cost_kwh=default;veh_mpg=default;veh_mpge=default;new_powertrain_prop=default;electricity_ghg_kwh=default;gas_ghg_gallon=default,0,24.0,81.5965586775576
eco_driving=default;charging=default;use_vmt=default;used_market_target_perc=default;production_ghg_cost_ice=default;production_ghg_cost_body=default;production_ghg_cost_kwh=default;veh_mpg=default;veh_mpge=default;new_powertrain_prop=default;electricity_ghg_kwh=default;gas_ghg_gallon=default,0,25.0,81.8297578120578
eco_driving=default;charging=default;use_vmt=default;used_market_target_perc=default;production_ghg_cost_ice=default;production_ghg_cost_body=default;production_ghg_cost_kwh=default;veh_mpg=default;veh_mpge=default;new_powertrain_prop=default;electricity_ghg_kwh=default;gas_ghg_gallon=default,0,26.0,82.062956946558
eco_driving=default;charging=default;use_vmt=default;used_market_target_perc=default;production_ghg_cost_ice=default;production_ghg_cost_body=default;production_ghg_cost_kwh=default;veh_mpg=default;veh_mpge=default;new_powertrain_prop=default;electricity_ghg_kwh=default;gas_ghg_gallon=default,0,27.0,82.2961560810582
eco_driving=default;charging=default;use_vmt=default;used_market_target_perc=default;production_ghg_cost_ice=default;production_ghg_cost_body=default;production_ghg_cost_kwh=default;veh_mpg=default;veh_mpge=default;new_powertrain_prop=default;electricity_ghg_kwh=default;gas_ghg_gallon=default,0,28.0,82.5293552155584
eco_driving=default;charging=default;use_vmt=default;used_market_target_perc=default;production_ghg_cost_ice=default;production_ghg_cost_body=default;production_ghg_cost_kwh=default;veh_mpg=default;veh_mpge=default;new_powertrain_prop=default;electricity_ghg_kwh=default;gas_ghg_gallon=default,0,29.0,82.76255435005861
eco_driving=default;charging=default;use_vmt=default;used_market_target_perc=default;production_ghg_cost_ice=default;production_ghg_cost_body=default;production_ghg_cost_kwh=default;veh_mpg=default;veh_mpge=default;new_powertrain_prop=default;electricity_ghg_kwh=default;gas_ghg_gallon=default,0,30.0,82.9957534845588
eco_driving=default;charging=default;use_vmt=default;used_market_target_perc=default;production_ghg_cost_ice=default;production_ghg_cost_body=default;production_ghg_cost_kwh=default;veh_mpg=default;veh_mpge=default;new_powertrain_prop=default;electricity_ghg_kwh=default;gas_ghg_gallon=default,0,31.0,83.228952619059
eco_driving=default;charging=default;use_vmt=default;used_market_target_perc=default;production_ghg_cost_ice=default;production_ghg_cost_body=default;production_ghg_cost_kwh=default;veh_mpg=default;veh_mpge=default;new_powertrain_prop=default;electricity_ghg_kwh=default;gas_ghg_gallon=default,0,32.0,83.4621517535592
eco_driving=default;charging=default;use_vmt=default;used_market_target_perc=default;production_ghg_cost_ice=default;production_ghg_cost_body=default;production_ghg_cost_kwh=default;veh_mpg=default;veh_mpge=default;new_powertrain_prop=default;electricity_ghg_kwh=default;gas_ghg_gallon=default,0,33.0,83.69535088805941
eco_driving=default;charging=default;use_vmt=default;used_market_target_perc=default;production_ghg_cost_ice=default;production_ghg_cost_body=default;production_ghg_cost_kwh=default;veh_mpg=default;veh_mpge=default;new_powertrain_prop=default;electricity_ghg_kwh=default;gas_ghg_gallon=default,0,34.0,83.9285500225596
eco_driving=default;charging=default;use_vmt=default;used_market_target_perc=default;production_ghg_cost_ice=default;production_ghg_cost_body=default;production_ghg_cost_kwh=default;veh_mpg=default;veh_mpge=default;new_powertrain_prop=default;electricity_ghg_kwh=default;gas_ghg_gallon=default,0,35.0,84.1617491570598
eco_driving=default;charging=default;use_vmt=default;used_market_target_perc=default;production_ghg_cost_ice=default;production_ghg_cost_body=default;production_ghg_cost_kwh=default;veh_mpg=default;veh_mpge=default;new_powertrain_prop=default;electricity_ghg_kwh=default;gas_ghg_gallon=default,0,36.0,84.39494829156
eco_driving=default;charging=default;use_vmt=default;used_market_target_perc=default;production_ghg_cost_ice=default;production_ghg_cost_body=default;production_ghg_cost_kwh=default;veh_mpg=default;veh_mpge=default;new_powertrain_prop=default;electricity_ghg_kwh=default;gas_ghg_gallon=default,0,37.0,84.6281474260602
eco_driving=default;charging=default;use_vmt=default;used_market_target_perc=default;production_ghg_cost_ice=default;production_ghg_cost_body=default;production_ghg_cost_kwh=default;veh_mpg=default;veh_mpge=default;new_powertrain_prop=default;electricity_ghg_kwh=default;gas_ghg_gallon=default,0,38.0,84.8613465605604
eco_driving=default;charging=default;use_vmt=default;used_market_target_perc=default;production_ghg_cost_ice=default;production_ghg_cost_body=default;production_ghg_cost_kwh=default;veh_mpg=default;veh_mpge=default;new_powertrain_prop=default;electricity_ghg_kwh=default;gas_ghg_gallon=default,0,39.0,85.0945456950606
eco_driving=default;charging=default;use_vmt=default;used_market_target_perc=default;production_ghg_cost_ice=default;production_ghg_cost_body=default;production_ghg_cost_kwh=default;veh_mpg=default;veh_mpge=default;new_powertrain_prop=default;electricity_ghg_kwh=default;gas_ghg_gallon=default,0,40.0,85.3277448295608
eco_driving=default;charging=default;use_vmt=default;used_market_target_perc=default;production_ghg_cost_ice=default;production_ghg_cost_body=default;production_ghg_cost_kwh=default;veh_mpg=default;veh_mpge=default;new_powertrain_prop=default;electricity_ghg_kwh=default;gas_ghg_gallon=default,0,41.0,85.560943964061
eco_driving=default;charging=default;use_vmt=default;used_market_target_perc=default;production_ghg_cost_ice=default;production_ghg_cost_body=default;production_ghg_cost_kwh=default;veh_mpg=default;veh_mpge=default;new_powertrain_prop=default;electricity_ghg_kwh=default;gas_ghg_gallon=default,0,42.0,85.79414309856121
eco_driving=default;charging=default;use_vmt=default;used_market_target_perc=default;production_ghg_cost_ice=default;production_ghg_cost_body=default;production_ghg_cost_kwh=default;veh_mpg=default;veh_mpge=default;new_powertrain_prop=default;electricity_ghg_kwh=default;gas_ghg_gallon=default,0,43.0,86.0273422330614
eco_driving=default;charging=default;use_vmt=default;used_market_target_perc=default;production_ghg_cost_ice=default;production_ghg_cost_body=default;production_ghg_cost_kwh=default;veh_mpg=default;veh_mpge=default;new_powertrain_prop=default;electricity_ghg_kwh=default;gas_ghg_gallon=default,0,44.0,86.2605413675616
eco_driving=default;charging=default;use_vmt=default;used_market_target_perc=default;production_ghg_cost_ice=default;production_ghg_cost_body=default;production_ghg_cost_kwh=default;veh_mpg=default;veh_mpge=default;new_powertrain_prop=default;electricity_ghg_kwh=default;gas_ghg_gallon=default,0,45.0,86.4937405020618
eco_driving=default;charging=default;use_vmt=default;used_market_target_perc=default;production_ghg_cost_ice=default;production_ghg_cost_body=default;production_ghg_cost_kwh=default;veh_mpg=default;veh_mpge=default;new_powertrain_prop=default;electricity_ghg_kwh=default;gas_ghg_gallon=default,0,46.0,86.726939636562
eco_driving=default;charging=default;use_vmt=default;used_market_target_perc=default;production_ghg_cost_ice=default;production_ghg_cost_body=default;production_ghg_cost_kwh=default;veh_mpg=default;veh_mpge=default;new_powertrain_prop=default;electricity_ghg_kwh=default;gas_ghg_gallon=default,0,47.0,86.9601387710622
eco_driving=default;charging=default;use_vmt=default;used_market_target_perc=default;production_ghg_cost_ice=default;production_ghg_cost_body=default;production_ghg_cost_kwh=default;veh_mpg=default;veh_mpge=default;new_powertrain_prop=default;electricity_ghg_kwh=default;gas_ghg_gallon=default,0,48.0,87.1933379055624
eco_driving=default;charging=default;use_vmt=default;used_market_target_perc=default;production_ghg_cost_ice=default;production_ghg_cost_body=default;production_ghg_cost_kwh=default;veh_mpg=default;veh_mpge=default;new_powertrain_prop=default;electricity_ghg_kwh=default;gas_ghg_gallon=default,0,49.0,87.4265370400626
eco_driving=default;charging=default;use_vmt=default;used_market_target_perc=default;production_ghg_cost_ice=default;production_ghg_cost_body=default;production_ghg_cost_kwh=default;veh_mpg=default;veh_mpge=default;new_powertrain_prop=default;electricity_ghg_kwh=default;gas_ghg_gallon=default,0,50.0,87.6597361745628
