production_year,powertrain,age,proportion,vmt,high_VMT_prop,n,l_100km,l_100kme,uf,weight_lbs,ev_range,batt_kwh,vmt_bucket
1989,bev,35,0,999.9999999999998,0.9,0,,,,,,,low
1989,hev,35,0,999.9999999999998,0.9,0,,,,,,,low
1989,icev,35,1,999.9999999999998,0.9,121951.7905570155,12.40313188,0,0,2894.548835,0,0,low
1989,phev,35,0,999.9999999999998,0.9,0,,,,,,,low
1990,bev,34,0,999.9999999999998,0.9,0,,,,,,,low
1990,hev,34,0,999.9999999999998,0.9,0,,,,,,,low
1990,icev,34,1,999.9999999999998,0.9,144765.1467,12.30949577,0,0,2819.362454,0,0,low
1990,phev,34,0,999.9999999999998,0.9,0,,,,,,,low
1991,bev,33,0,999.9999999999998,0.9,0,,,,,,,low
1991,hev,33,0,999.9999999999998,0.9,0,,,,,,,low
1991,icev,33,1,999.9999999999998,0.9,133832.6204,12.18677529,0,0,2803.495374,0,0,low
1991,phev,33,0,999.9999999999998,0.9,0,,,,,,,low
1992,bev,32,0,1402.6829426465633,0.870317088,0,,,,,,,low
1992,hev,32,0,1402.6829426465633,0.870317088,0,,,,,,,low
1992,icev,32,1,1402.6829426465633,0.870317088,182783.3188,12.39065286,0,0,2918.56452,0,0,low
1992,phev,32,0,1402.6829426465633,0.870317088,0,,,,,,,low
1993,bev,31,0,1357.348723418916,0.882586016,0,,,,,,,low
1993,hev,31,0,1357.348723418916,0.882586016,0,,,,,,,low
1993,icev,31,1,1357.348723418916,0.882586016,225780.1783066945,12.43797945,0,0,2891.584184,0,0,low
1993,phev,31,0,1357.348723418916,0.882586016,0,,,,,,,low
1994,bev,30,0,1545.1909139991883,0.860402513,0,,,,,,,low
1994,hev,30,0,1545.1909139991883,0.860402513,0,,,,,,,low
1994,icev,30,1,1545.1909139991883,0.860402513,289218.6945033415,12.68913155,0,0,2892.945898,0,0,low
1994,phev,30,0,1545.1909139991883,0.860402513,0,,,,,,,low
1995,bev,29,0,1667.6784072747932,0.857562498,0,,,,,,,low
1995,hev,29,0,1667.6784072747932,0.857562498,0,,,,,,,low
1995,icev,29,1,1667.6784072747932,0.857562498,405345.3919444385,12.82030569,0,0,3025.282373,0,0,low
1995,phev,29,0,1667.6784072747932,0.857562498,0,,,,,,,low
1996,bev,28,0,1842.7215082733564,0.855638544,0,,,,,,,low
1996,hev,28,0,1842.7215082733564,0.855638544,0,,,,,,,low
1996,icev,28,1,1842.7215082733564,0.855638544,426591.3826381235,12.55826046,0,0,2820.969618,0,0,low
1996,phev,28,0,1842.7215082733564,0.855638544,0,,,,,,,low
1997,bev,27,0,1812.8271073864853,0.861613433,0,,,,,,,low
1997,hev,27,0,1812.8271073864853,0.861613433,0,,,,,,,low
1997,icev,27,1,1812.8271073864853,0.861613433,571396.6832,12.62470926,0,0,2981.745042,0,0,low
1997,phev,27,0,1812.8271073864853,0.861613433,0,,,,,,,low
1998,bev,26,0,2186.51207,0.848806721,0,,,,,,,low
1998,hev,26,0,2186.51207,0.848806721,0,,,,,,,low
1998,icev,26,1,2186.51207,0.848806721,663896.5078,12.67016006,0,0,2785.413543,0,0,low
1998,phev,26,0,2186.51207,0.848806721,0,,,,,,,low
1999,bev,25,0,1957.6279136538178,0.847170251,0,,,,,,,low
1999,hev,25,1.01190476190476e-06,1957.6279136538178,0.847170251,0.880156965,,,,,,,low
1999,icev,25,0.999998988,1957.6279136538178,0.847170251,869801.2967,12.62054188,0,0,4182.535309,0,0,low
1999,phev,25,0,1957.6279136538178,0.847170251,0,,,,,,,low
2000,bev,24,0,2298.4932268311595,0.84359948,0,0,4.055344828,0,6000,50,0,low
2000,hev,24,0.000537048,2298.4932268311595,0.84359948,563.9570522,4.437924528,0,0,1500,0,0,low
2000,icev,24,0.999462952,2298.4932268311595,0.84359948,1049542.168985625,12.48184607,0,0,4203.139141,0,0,low
2000,phev,24,0,2298.4932268311595,0.84359948,0,,,,,,,low
2001,bev,23,0,2253.5818419495513,0.837914683,0,,,,,,,low
2001,hev,23,0.001175768,2253.5818419495513,0.837914683,1390.769753,5.585063851,0,0,2530.604178,0,0,low
2001,icev,23,0.998824232,2253.5818419495513,0.837914683,1181469.808,12.74277529,0,0,4248.305238,0,0,low
2001,phev,23,0,2253.5818419495513,0.837914683,0,,,,,,,low
2002,bev,22,0,2301.8246760533143,0.838523565,0,,,,,,,low
2002,hev,22,0.002145357,2301.8246760533143,0.838523565,2838.042378,5.67252716,0,0,2685.858586,0,0,low
2002,icev,22,0.997854643,2301.8246760533143,0.838523565,1320038.378,12.86910158,0,0,4273.448782,0,0,low
2002,phev,22,0,2301.8246760533143,0.838523565,0,,,,,,,low
2003,bev,21,0,2523.7689927316883,0.82994848,0,,,,,,,low
2003,hev,21,0.002853389,2523.7689927316883,0.82994848,4324.954492,5.806651519,0,0,2770.846334,0,0,low
2003,icev,21,0.997146611,2523.7689927316883,0.82994848,1511400.382629395,12.66943182,0,0,4283.16917,0,0,low
2003,phev,21,0,2523.7689927316883,0.82994848,0,,,,,,,low
2004,bev,20,0,2523.399789340174,0.834375793,0,,,,,,,low
2004,hev,20,0.004998991,2523.399789340174,0.834375793,8702.741017,5.338530404,0,0,3133.521051,0,0,low
2004,icev,20,0.995001009,2523.399789340174,0.834375793,1732196.741783965,12.68799335,0,0,4325.032091,0,0,low
2004,phev,20,0,2523.399789340174,0.834375793,0,,,,,,,low
2005,bev,19,0,2630.6267297753575,0.827397997,0,,,,,,,low
2005,hev,19,0.012117481,2630.6267297753575,0.827397997,24090.48707,5.869467913,0,0,3316.170233,0,0,low
2005,icev,19,0.987882519,2630.6267297753575,0.827397997,1963986.682,12.67855841,0,0,4291.167981,0,0,low
2005,phev,19,0,2630.6267297753575,0.827397997,0,,,,,,,low
2006,bev,18,0,2648.600164025164,0.833180459,0,,,,,,,low
2006,hev,18,0.01530158,2648.600164025164,0.833180459,30584.48565980795,6.887450432,0,0,4010.270505,0,0,low
2006,icev,18,0.98469842,2648.600164025164,0.833180459,1968195.149224255,12.41356809,0,0,4302.623131,0,0,low
2006,phev,18,0,2648.600164025164,0.833180459,0,,,,,,,low
2007,bev,17,0,2734.9694577041228,0.827173615,0,,,,,,,low
2007,hev,17,0.021630992,2734.9694577041228,0.827173615,48172.29866,6.398177505,0,0,3573.905713,0,0,low
2007,icev,17,0.978369008,2734.9694577041228,0.827173615,2178831.376717005,11.98602267,0,0,4224.1417,0,0,low
2007,phev,17,0,2734.9694577041228,0.827173615,0,,,,,,,low
2008,bev,16,0,2930.087124389277,0.821926564,0,0,2.400102041,0,1500,100,0,low
2008,hev,16,0.023741579,2930.087124389277,0.821926564,61207.59565,6.476255989,0,0,3728.505348,0,0,low
2008,icev,16,0.976258421,2930.087124389277,0.821926564,2516868.436672285,12.08483876,0,0,4172.430766,0,0,low
2008,phev,16,0,2930.087124389277,0.821926564,0,,,,,,,low
2009,bev,15,0,3625.2317074073994,0.802774931,0,,,,,,,low
2009,hev,15,0.027514028,3625.2317074073994,0.802774931,60714.03852,6.583183129,0,0,3650.915533,0,0,low
2009,icev,15,0.972485972,3625.2317074073994,0.802774931,2145943.509,11.36665254,0,0,4021.488372,0,0,low
2009,phev,15,0,3625.2317074073994,0.802774931,0,,,,,,,low
2010,bev,14,0,3594.777537798482,0.801006612,0,,,,,,,low
2010,hev,14,0.023699025,3594.777537798482,0.801006612,67851.39218,5.520210532,0,0,3420.743166,0,0,low
2010,icev,14,0.976272845,3594.777537798482,0.801006612,2795113.801235525,11.10265411,0,0,4107.245905,0,0,low
2010,phev,14,2.81301233928726e-05,3594.777537798482,0.801006612,80.5378297,,,,,,,low
2011,bev,13,0.000789795,3837.7621850947307,0.799190117,2502.191157035905,0,2.376064043,0,3298.871473,72.99373041,0,low
2011,hev,13,0.021032165,3837.7621850947307,0.799190117,66633.11249,5.823848749,0,0,3333.922061,0,0,low
2011,icev,13,0.977577712,3837.7621850947307,0.799190117,3097115.618,11.37474754,0,0,4235.636198,0,0,low
2011,phev,13,0.000600329,3837.7621850947307,0.799190117,1901.933052,6.357027027,2.529139785,0.64,2800,35,0,low
2012,bev,12,0.001006416,3956.3655039022974,0.794777055,4333.346061,0,2.41047459,0,3402.085703,85.57337884,0,low
2012,hev,12,0.029988133,3956.3655039022974,0.794777055,129120.4633513785,5.694030244,0,0,3292.58624,0,0,low
2012,icev,12,0.966343383,3956.3655039022974,0.794777055,4160802.719679545,10.7029495,0,0,4088.049168,0,0,low
2012,phev,12,0.002662067,3956.3655039022974,0.794777055,11462.11177,5.726255594,2.513521855,0.491529606,3008.137612,24.8693351,0,low
2013,bev,11,0.003084531,4116.246571157972,0.791994278,15430.86032,0,2.091185544,0,3176.980534,76.44839294,0,low
2013,hev,11,0.031781362,4116.246571157972,0.791994278,158991.3787,5.711540679,0,0,3390.721846,0,0,low
2013,icev,11,0.961990957,4116.246571157972,0.791994278,4812514.562,10.51856652,0,0,3839.007382,0,0,low
2013,phev,11,0.00314315,4116.246571157972,0.791994278,15724.11532850455,6.01012285,2.484614516,0.537838219,3021.254355,28.38164199,0,low
2014,bev,10,0.00384627,4757.906886527505,0.780152948,21832.68709,0,2.044072624,0,2786.937716,81.7482699,0,low
2014,hev,10,0.027377815,4757.906886527505,0.780152948,155405.4276,5.750009983,0,0,3321.903365,0,0,low
2014,icev,10,0.965424195,4757.906886527505,0.780152948,5480063.229,10.65389221,0,0,3929.093729,0,0,low
2014,phev,10,0.00335172,4757.906886527505,0.780152948,19025.45548,6.177411703,2.52018194,0.547321604,3026.350245,29.45540098,0,low
2015,bev,9,0.004067308,4951.4919748730035,0.778442092,24947.21200959755,0,2.053204516,0,2987.270052,83.63796909,0,low
2015,hev,9,0.022000916,4951.4919748730035,0.778442092,134944.6737657505,5.587515919,0,0,3303.882676,0,0,low
2015,icev,9,0.971473043,4951.4919748730035,0.778442092,5958620.736,10.31681911,0,0,3922.421391,0,0,low
2015,phev,9,0.002458734,4951.4919748730035,0.778442092,15080.87471,6.362657417,2.52275444,0.569186569,2994.749695,34.04578755,0,low
2016,bev,8,0.004939404,4908.604627,0.774255943,27922.21369,0,2.089845147,0,2536.079545,82.74431818,0,low
2016,hev,8,0.019759041,4908.604627,0.774255943,111696.9033,5.750509419,0,0,3371.980476,0,0,low
2016,icev,8,0.971150692,4908.604627,0.774255943,5489867.914,10.07035081,0,0,3929.685441,0,0,low
2016,phev,8,0.004150863,4908.604627,0.774255943,23464.62677605535,6.941884358,2.977565896,0.489183437,3631.761787,25.18052109,0,low
2017,bev,7,0.006063896,5493.299126241898,0.762931408,44783.1282,0,2.047483018,0,3038.825953,170.7219361,0,low
2017,hev,7,0.021059022,5493.299126241898,0.762931408,155525.2248,5.744566677,0,0,3535.960569,0,0,low
2017,icev,7,0.967584992,5493.299126241898,0.762931408,7145815.07,10.1976298,0,0,3884.478553,0,0,low
2017,phev,7,0.00529209,5493.299126241898,0.762931408,39083.1768,5.939776318,2.459435416,0.566847493,3326.774089,32.6085612,0,low
2018,bev,6,0.011960605,5690.106322575578,0.758976716,92028.7059,0,2.023138955,0,3623.252195,248.065244,0,low
2018,hev,6,0.019528824,5690.106322575578,0.758976716,150260.9894,5.797423827,0,0,3670.722943,0,0,low
2018,icev,6,0.961354667,5690.106322575578,0.758976716,7396968.905,10.23379976,0,0,4023.34919,0,0,low
2018,phev,6,0.007155903,5690.106322575578,0.758976716,55059.79935,6.56451577,2.555252273,0.631273882,3533.017437,41.17228961,0,low
2019,bev,5,0.013706665,6112.439019522176,0.752614314,107125.5493,0,2.080328816,0,3634.971098,251.3502529,0,low
2019,hev,5,0.023415441,6112.439019522176,0.752614314,183005.2686,5.72692409,0,0,3754.736143,0,0,low
2019,icev,5,0.957848819,6112.439019522176,0.752614314,7486144.885,9.989803509,0,0,3807.920741,0,0,low
2019,phev,5,0.005029076,6112.439019522176,0.752614314,39305.14665,6.617291987,2.598308024,0.618670379,3372.308834,41.70935412,0,low
2020,bev,4,0.01638887,6244.055177012036,0.749061103,112012.4205,0,2.033380141,0,3666.341895,281.23354,82.40932459,low
2020,hev,4,0.031265338,6244.055177012036,0.749061103,213688.0865,5.543285811,0,0,3571.798246,0,0,low
2020,icev,4,0.947601786,6244.055177012036,0.749061103,6476539.934,10.1638576,0,0,4258.875142,0,0,low
2020,phev,4,0.004744005,6244.055177012036,0.749061103,32423.68418,6.85647647,2.771126952,0.536780862,3980.685174,28.32073243,0,low
2021,bev,3,0.030595765,5949.949288638559,0.752007513,219961.6832,0,2.182229192,0,3478.446561,296.7991207,85.69769459,low
2021,hev,3,0.053209377,5949.949288638559,0.752007513,382537.3948,5.959050797,0,0,3746.602265,0,0,low
2021,icev,3,0.90464338,5949.949288638559,0.752007513,6503739.447,10.45680764,0,0,4368.984611,0,0,low
2021,phev,3,0.011551478,5949.949288638559,0.752007513,83046.87518,8.574779565,3.541834128,0.5247909,4110.971281,24.75605034,0,low
2022,bev,2,0.057,5924.540058956736,0.786807807,381671.1279,0,1.970413453,0,3674.031139,269.3563209,69.98261391,low
2022,hev,2,0.058,5924.540058956736,0.786807807,388367.1126,6.239172428,0,0,4023.222073,0,0,low
2022,icev,2,0.865,5924.540058956736,0.786807807,5792026.766,10.6431883,0,0,4293.575674,0,0,low
2022,phev,2,0.02,5924.540058956736,0.786807807,133919.694,7.937119875,3.232468931,0.562086557,4188.721311,28.16196721,3.261954098,low
2023,bev,1,0.07,6515.124084903144,0.756919244,532762.125,0,2.137565235,0,3795.787362,275.5917753,85.83847322,low
2023,hev,1,0.075,6515.124084903144,0.756919244,570816.5625,7.061948177,0,0,4270.503597,0,0,low
2023,icev,1,0.8375,6515.124084903144,0.756919244,6374118.281,10.78551563,0,0,4586.752545,0,0,low
2023,phev,1,0.0175,6515.124084903144,0.756919244,133190.5313,9.307649845,3.804542375,0.561492537,4268.656716,28.86567164,7.715862687,low
1989,bev,35,0,9000,0.9,0,,,,,,,high
1989,hev,35,0,9000,0.9,0,,,,,,,high
1989,icev,35,1,9000,0.9,121951.7905570155,12.40313188,0,0,2894.548835,0,0,high
1989,phev,35,0,9000,0.9,0,,,,,,,high
1990,bev,34,0,9000,0.9,0,,,,,,,high
1990,hev,34,0,9000,0.9,0,,,,,,,high
1990,icev,34,1,9000,0.9,144765.1467,12.30949577,0,0,2819.362454,0,0,high
1990,phev,34,0,9000,0.9,0,,,,,,,high
1991,bev,33,0,9000,0.9,0,,,,,,,high
1991,hev,33,0,9000,0.9,0,,,,,,,high
1991,icev,33,1,9000,0.9,133832.6204,12.18677529,0,0,2803.495374,0,0,high
1991,phev,33,0,9000,0.9,0,,,,,,,high
1992,bev,32,0,9413.568188473797,0.870317088,0,,,,,,,high
1992,hev,32,0,9413.568188473797,0.870317088,0,,,,,,,high
1992,icev,32,1,9413.568188473797,0.870317088,182783.3188,12.39065286,0,0,2918.56452,0,0,high
1992,phev,32,0,9413.568188473797,0.870317088,0,,,,,,,high
1993,bev,31,0,10203.018050022023,0.882586016,0,,,,,,,high
1993,hev,31,0,10203.018050022023,0.882586016,0,,,,,,,high
1993,icev,31,1,10203.018050022023,0.882586016,225780.1783066945,12.43797945,0,0,2891.584184,0,0,high
1993,phev,31,0,10203.018050022023,0.882586016,0,,,,,,,high
1994,bev,30,0,9523.711143797873,0.860402513,0,,,,,,,high
1994,hev,30,0,9523.711143797873,0.860402513,0,,,,,,,high
1994,icev,30,1,9523.711143797873,0.860402513,289218.6945033415,12.68913155,0,0,2892.945898,0,0,high
1994,phev,30,0,9523.711143797873,0.860402513,0,,,,,,,high
1995,bev,29,0,10040.462918524569,0.857562498,0,,,,,,,high
1995,hev,29,0,10040.462918524569,0.857562498,0,,,,,,,high
1995,icev,29,1,10040.462918524569,0.857562498,405345.3919444385,12.82030569,0,0,3025.282373,0,0,high
1995,phev,29,0,10040.462918524569,0.857562498,0,,,,,,,high
1996,bev,28,0,10921.914946818964,0.855638544,0,,,,,,,high
1996,hev,28,0,10921.914946818964,0.855638544,0,,,,,,,high
1996,icev,28,1,10921.914946818964,0.855638544,426591.3826381235,12.55826046,0,0,2820.969618,0,0,high
1996,phev,28,0,10921.914946818964,0.855638544,0,,,,,,,high
1997,bev,27,0,11286.906067520275,0.861613433,0,,,,,,,high
1997,hev,27,0,11286.906067520275,0.861613433,0,,,,,,,high
1997,icev,27,1,11286.906067520275,0.861613433,571396.6832,12.62470926,0,0,2981.745042,0,0,high
1997,phev,27,0,11286.906067520275,0.861613433,0,,,,,,,high
1998,bev,26,0,12275.189425383469,0.848806721,0,,,,,,,high
1998,hev,26,0,12275.189425383469,0.848806721,0,,,,,,,high
1998,icev,26,1,12275.189425383469,0.848806721,663896.5078,12.67016006,0,0,2785.413543,0,0,high
1998,phev,26,0,12275.189425383469,0.848806721,0,,,,,,,high
1999,bev,25,0,10851.579226010663,0.847170251,0,,,,,,,high
1999,hev,25,1.01190476190476e-06,10851.579226010663,0.847170251,0.880156965,,,,,,,high
1999,icev,25,0.999998988,10851.579226010663,0.847170251,869801.2967,12.62054188,0,0,4182.535309,0,0,high
1999,phev,25,0,10851.579226010663,0.847170251,0,,,,,,,high
2000,bev,24,0,12397.706139172382,0.84359948,0,0,4.055344828,0,6000,50,0,high
2000,hev,24,0.000537048,12397.706139172382,0.84359948,563.9570522,4.437924528,0,0,1500,0,0,high
2000,icev,24,0.999462952,12397.706139172382,0.84359948,1049542.168985625,12.48184607,0,0,4203.139141,0,0,high
2000,phev,24,0,12397.706139172382,0.84359948,0,,,,,,,high
2001,bev,23,0,11650.09479876565,0.837914683,0,,,,,,,high
2001,hev,23,0.001175768,11650.09479876565,0.837914683,1390.769753,5.585063851,0,0,2530.604178,0,0,high
2001,icev,23,0.998824232,11650.09479876565,0.837914683,1181469.808,12.74277529,0,0,4248.305238,0,0,high
2001,phev,23,0,11650.09479876565,0.837914683,0,,,,,,,high
2002,bev,22,0,11953.039658562046,0.838523565,0,,,,,,,high
2002,hev,22,0.002145357,11953.039658562046,0.838523565,2838.042378,5.67252716,0,0,2685.858586,0,0,high
2002,icev,22,0.997854643,11953.039658562046,0.838523565,1320038.378,12.86910158,0,0,4273.448782,0,0,high
2002,phev,22,0,11953.039658562046,0.838523565,0,,,,,,,high
2003,bev,21,0,12317.433169593893,0.82994848,0,,,,,,,high
2003,hev,21,0.002853389,12317.433169593893,0.82994848,4324.954492,5.806651519,0,0,2770.846334,0,0,high
2003,icev,21,0.997146611,12317.433169593893,0.82994848,1511400.382629395,12.66943182,0,0,4283.16917,0,0,high
2003,phev,21,0,12317.433169593893,0.82994848,0,,,,,,,high
2004,bev,20,0,12712.294482253426,0.834375793,0,,,,,,,high
2004,hev,20,0.004998991,12712.294482253426,0.834375793,8702.741017,5.338530404,0,0,3133.521051,0,0,high
2004,icev,20,0.995001009,12712.294482253426,0.834375793,1732196.741783965,12.68799335,0,0,4325.032091,0,0,high
2004,phev,20,0,12712.294482253426,0.834375793,0,,,,,,,high
2005,bev,19,0,12610.370997603803,0.827397997,0,,,,,,,high
2005,hev,19,0.012117481,12610.370997603803,0.827397997,24090.48707,5.869467913,0,0,3316.170233,0,0,high
2005,icev,19,0.987882519,12610.370997603803,0.827397997,1963986.682,12.67855841,0,0,4291.167981,0,0,high
2005,phev,19,0,12610.370997603803,0.827397997,0,,,,,,,high
2006,bev,18,0,13228.437689802537,0.833180459,0,,,,,,,high
2006,hev,18,0.01530158,13228.437689802537,0.833180459,30584.48565980795,6.887450432,0,0,4010.270505,0,0,high
2006,icev,18,0.98469842,13228.437689802537,0.833180459,1968195.149224255,12.41356809,0,0,4302.623131,0,0,high
2006,phev,18,0,13228.437689802537,0.833180459,0,,,,,,,high
2007,bev,17,0,13089.983726902417,0.827173615,0,,,,,,,high
2007,hev,17,0.021630992,13089.983726902417,0.827173615,48172.29866,6.398177505,0,0,3573.905713,0,0,high
2007,icev,17,0.978369008,13089.983726902417,0.827173615,2178831.376717005,11.98602267,0,0,4224.1417,0,0,high
2007,phev,17,0,13089.983726902417,0.827173615,0,,,,,,,high
2008,bev,16,0,13524.288087845965,0.821926564,0,0,2.400102041,0,1500,100,0,high
2008,hev,16,0.023741579,13524.288087845965,0.821926564,61207.59565,6.476255989,0,0,3728.505348,0,0,high
2008,icev,16,0.976258421,13524.288087845965,0.821926564,2516868.436672285,12.08483876,0,0,4172.430766,0,0,high
2008,phev,16,0,13524.288087845965,0.821926564,0,,,,,,,high
2009,bev,15,0,14755.95950192186,0.802774931,0,,,,,,,high
2009,hev,15,0.027514028,14755.95950192186,0.802774931,60714.03852,6.583183129,0,0,3650.915533,0,0,high
2009,icev,15,0.972485972,14755.95950192186,0.802774931,2145943.509,11.36665254,0,0,4021.488372,0,0,high
2009,phev,15,0,14755.95950192186,0.802774931,0,,,,,,,high
2010,bev,14,0,14470.031449167158,0.801006612,0,,,,,,,high
2010,hev,14,0.023699025,14470.031449167158,0.801006612,67851.39218,5.520210532,0,0,3420.743166,0,0,high
2010,icev,14,0.976272845,14470.031449167158,0.801006612,2795113.801235525,11.10265411,0,0,4107.245905,0,0,high
2010,phev,14,2.81301233928726e-05,14470.031449167158,0.801006612,80.5378297,,,,,,,high
2011,bev,13,0.000789795,15273.658649546951,0.799190117,2502.191157035905,0,2.376064043,0,3298.871473,72.99373041,0,high
2011,hev,13,0.021032165,15273.658649546951,0.799190117,66633.11249,5.823848749,0,0,3333.922061,0,0,high
2011,icev,13,0.977577712,15273.658649546951,0.799190117,3097115.618,11.37474754,0,0,4235.636198,0,0,high
2011,phev,13,0.000600329,15273.658649546951,0.799190117,1901.933052,6.357027027,2.529139785,0.64,2800,35,0,high
2012,bev,12,0.001006416,15322.012468265782,0.794777055,4333.346061,0,2.41047459,0,3402.085703,85.57337884,0,high
2012,hev,12,0.029988133,15322.012468265782,0.794777055,129120.4633513785,5.694030244,0,0,3292.58624,0,0,high
2012,icev,12,0.966343383,15322.012468265782,0.794777055,4160802.719679545,10.7029495,0,0,4088.049168,0,0,high
2012,phev,12,0.002662067,15322.012468265782,0.794777055,11462.11177,5.726255594,2.513521855,0.491529606,3008.137612,24.8693351,0,high
2013,bev,11,0.003084531,15672.856023741268,0.791994278,15430.86032,0,2.091185544,0,3176.980534,76.44839294,0,high
2013,hev,11,0.031781362,15672.856023741268,0.791994278,158991.3787,5.711540679,0,0,3390.721846,0,0,high
2013,icev,11,0.961990957,15672.856023741268,0.791994278,4812514.562,10.51856652,0,0,3839.007382,0,0,high
2013,phev,11,0.00314315,15672.856023741268,0.791994278,15724.11532850455,6.01012285,2.484614516,0.537838219,3021.254355,28.38164199,0,high
2014,bev,10,0.00384627,16883.988393114894,0.780152948,21832.68709,0,2.044072624,0,2786.937716,81.7482699,0,high
2014,hev,10,0.027377815,16883.988393114894,0.780152948,155405.4276,5.750009983,0,0,3321.903365,0,0,high
2014,icev,10,0.965424195,16883.988393114894,0.780152948,5480063.229,10.65389221,0,0,3929.093729,0,0,high
2014,phev,10,0.00335172,16883.988393114894,0.780152948,19025.45548,6.177411703,2.52018194,0.547321604,3026.350245,29.45540098,0,high
2015,bev,9,0.004067308,17397.030859031798,0.778442092,24947.21200959755,0,2.053204516,0,2987.270052,83.63796909,0,high
2015,hev,9,0.022000916,17397.030859031798,0.778442092,134944.6737657505,5.587515919,0,0,3303.882676,0,0,high
2015,icev,9,0.971473043,17397.030859031798,0.778442092,5958620.736,10.31681911,0,0,3922.421391,0,0,high
2015,phev,9,0.002458734,17397.030859031798,0.778442092,15080.87471,6.362657417,2.52275444,0.569186569,2994.749695,34.04578755,0,high
2016,bev,8,0.004939404,16835.50985155766,0.774255943,27922.21369,0,2.089845147,0,2536.079545,82.74431818,0,high
2016,hev,8,0.019759041,16835.50985155766,0.774255943,111696.9033,5.750509419,0,0,3371.980476,0,0,high
2016,icev,8,0.971150692,16835.50985155766,0.774255943,5489867.914,10.07035081,0,0,3929.685441,0,0,high
2016,phev,8,0.004150863,16835.50985155766,0.774255943,23464.62677605535,6.941884358,2.977565896,0.489183437,3631.761787,25.18052109,0,high
2017,bev,7,0.006063896,17678.47184,0.762931408,44783.1282,0,2.047483018,0,3038.825953,170.7219361,0,high
2017,hev,7,0.021059022,17678.47184,0.762931408,155525.2248,5.744566677,0,0,3535.960569,0,0,high
2017,icev,7,0.967584992,17678.47184,0.762931408,7145815.07,10.1976298,0,0,3884.478553,0,0,high
2017,phev,7,0.00529209,17678.47184,0.762931408,39083.1768,5.939776318,2.459435416,0.566847493,3326.774089,32.6085612,0,high
2018,bev,6,0.011960605,17918.01247816182,0.758976716,92028.7059,0,2.023138955,0,3623.252195,248.065244,0,high
2018,hev,6,0.019528824,17918.01247816182,0.758976716,150260.9894,5.797423827,0,0,3670.722943,0,0,high
2018,icev,6,0.961354667,17918.01247816182,0.758976716,7396968.905,10.23379976,0,0,4023.34919,0,0,high
2018,phev,6,0.007155903,17918.01247816182,0.758976716,55059.79935,6.56451577,2.555252273,0.631273882,3533.017437,41.17228961,0,high
2019,bev,5,0.013706665,18595.696369272224,0.752614314,107125.5493,0,2.080328816,0,3634.971098,251.3502529,0,high
2019,hev,5,0.023415441,18595.696369272224,0.752614314,183005.2686,5.72692409,0,0,3754.736143,0,0,high
2019,icev,5,0.957848819,18595.696369272224,0.752614314,7486144.885,9.989803509,0,0,3807.920741,0,0,high
2019,phev,5,0.005029076,18595.696369272224,0.752614314,39305.14665,6.617291987,2.598308024,0.618670379,3372.308834,41.70935412,0,high
2020,bev,4,0.01638887,18638.716127773565,0.749061103,112012.4205,0,2.033380141,0,3666.341895,281.23354,82.40932459,high
2020,hev,4,0.031265338,18638.716127773565,0.749061103,213688.0865,5.543285811,0,0,3571.798246,0,0,high
2020,icev,4,0.947601786,18638.716127773565,0.749061103,6476539.934,10.1638576,0,0,4258.875142,0,0,high
2020,phev,4,0.004744005,18638.716127773565,0.749061103,32423.68418,6.85647647,2.771126952,0.536780862,3980.685174,28.32073243,0,high
2021,bev,3,0.030595765,18042.50858193464,0.752007513,219961.6832,0,2.182229192,0,3478.446561,296.7991207,85.69769459,high
2021,hev,3,0.053209377,18042.50858193464,0.752007513,382537.3948,5.959050797,0,0,3746.602265,0,0,high
2021,icev,3,0.90464338,18042.50858193464,0.752007513,6503739.447,10.45680764,0,0,4368.984611,0,0,high
2021,phev,3,0.011551478,18042.50858193464,0.752007513,83046.87518,8.574779565,3.541834128,0.5247909,4110.971281,24.75605034,0,high
2022,bev,2,0.057,21865.126966673062,0.786807807,381671.1279,0,1.970413453,0,3674.031139,269.3563209,69.98261391,high
2022,hev,2,0.058,21865.126966673062,0.786807807,388367.1126,6.239172428,0,0,4023.222073,0,0,high
2022,icev,2,0.865,21865.126966673062,0.786807807,5792026.766,10.6431883,0,0,4293.575674,0,0,high
2022,phev,2,0.02,21865.126966673062,0.786807807,133919.694,7.937119875,3.232468931,0.562086557,4188.721311,28.16196721,3.261954098,high
2023,bev,1,0.07,20287.178910480856,0.756919244,532762.125,0,2.137565235,0,3795.787362,275.5917753,85.83847322,high
2023,hev,1,0.075,20287.178910480856,0.756919244,570816.5625,7.061948177,0,0,4270.503597,0,0,high
2023,icev,1,0.8375,20287.178910480856,0.756919244,6374118.281,10.78551563,0,0,4586.752545,0,0,high
2023,phev,1,0.0175,20287.178910480856,0.756919244,133190.5313,9.307649845,3.804542375,0.561492537,4268.656716,28.86567164,7.715862687,high