"year","powertrain","l_100km","l_100kme","uf","weight_lbs","ev_range","batt_kwh","n_year_powertrain","n_year","mpg","mpge","proportion"
1974,"bev",NA,NA,NA,NA,NA,NA,NA,NA,NA,NA,0
1974,"hev",NA,NA,NA,NA,NA,NA,NA,NA,NA,NA,0
1974,"icev",13.6690192569935,0,0,2838.93353941268,0,0,6470,6470,17.2075256884036,NA,1
1974,"phev",NA,NA,NA,NA,NA,NA,NA,NA,NA,NA,0
1975,"bev",NA,NA,NA,NA,NA,NA,NA,NA,NA,NA,0
1975,"hev",NA,NA,NA,NA,NA,NA,NA,NA,NA,NA,0
1975,"icev",13.6690192569935,0,0,2838.93353941268,0,0,6470,6470,17.2075256884036,NA,1
1975,"phev",NA,NA,NA,NA,NA,NA,NA,NA,NA,NA,0
1976,"bev",NA,NA,NA,NA,NA,NA,NA,NA,NA,NA,0
1976,"hev",NA,NA,NA,NA,NA,NA,NA,NA,NA,NA,0
1976,"icev",13.6690192569935,0,0,2838.93353941268,0,0,6470,6470,17.2075256884036,NA,1
1976,"phev",NA,NA,NA,NA,NA,NA,NA,NA,NA,NA,0
1977,"bev",NA,NA,NA,NA,NA,NA,NA,NA,NA,NA,0
1977,"hev",NA,NA,NA,NA,NA,NA,NA,NA,NA,NA,0
1977,"icev",13.6690192569935,0,0,2838.93353941268,0,0,6470,6470,17.2075256884036,NA,1
1977,"phev",NA,NA,NA,NA,NA,NA,NA,NA,NA,NA,0
1978,"bev",NA,NA,NA,NA,NA,NA,NA,NA,NA,NA,0
1978,"hev",NA,NA,NA,NA,NA,NA,NA,NA,NA,NA,0
1978,"icev",13.6690192569935,0,0,2838.93353941268,0,0,6470,6470,17.2075256884036,NA,1
1978,"phev",NA,NA,NA,NA,NA,NA,NA,NA,NA,NA,0
1979,"bev",NA,NA,NA,NA,NA,NA,NA,NA,NA,NA,0
1979,"hev",NA,NA,NA,NA,NA,NA,NA,NA,NA,NA,0
1979,"icev",13.6690192569935,0,0,2838.93353941268,0,0,6470,6470,17.2075256884036,NA,1
1979,"phev",NA,NA,NA,NA,NA,NA,NA,NA,NA,NA,0
1980,"bev",NA,NA,NA,NA,NA,NA,NA,NA,NA,NA,0
1980,"hev",NA,NA,NA,NA,NA,NA,NA,NA,NA,NA,0
1980,"icev",13.6690192569935,0,0,2838.93353941268,0,0,6470,6470,17.2075256884036,NA,1
1980,"phev",NA,NA,NA,NA,NA,NA,NA,NA,NA,NA,0
1981,"bev",NA,NA,NA,NA,NA,NA,NA,NA,NA,NA,0
1981,"hev",NA,NA,NA,NA,NA,NA,NA,NA,NA,NA,0
1981,"icev",13.6690192569935,0,0,2838.93353941268,0,0,6470,6470,17.2075256884036,NA,1
1981,"phev",NA,NA,NA,NA,NA,NA,NA,NA,NA,NA,0
1982,"bev",NA,NA,NA,NA,NA,NA,NA,NA,NA,NA,0
1982,"hev",NA,NA,NA,NA,NA,NA,NA,NA,NA,NA,0
1982,"icev",13.6690192569935,0,0,2838.93353941268,0,0,6470,6470,17.2075256884036,NA,1
1982,"phev",NA,NA,NA,NA,NA,NA,NA,NA,NA,NA,0
1983,"bev",NA,NA,NA,NA,NA,NA,NA,NA,NA,NA,0
1983,"hev",NA,NA,NA,NA,NA,NA,NA,NA,NA,NA,0
1983,"icev",13.6690192569935,0,0,2838.93353941268,0,0,6470,6470,17.2075256884036,NA,1
1983,"phev",NA,NA,NA,NA,NA,NA,NA,NA,NA,NA,0
1984,"bev",NA,NA,NA,NA,NA,NA,NA,NA,NA,NA,0
1984,"hev",NA,NA,NA,NA,NA,NA,NA,NA,NA,NA,0
1984,"icev",13.6690192569935,0,0,2838.93353941268,0,0,6470,6470,17.2075256884036,NA,1
1984,"phev",NA,NA,NA,NA,NA,NA,NA,NA,NA,NA,0
1985,"bev",NA,NA,NA,NA,NA,NA,NA,NA,NA,NA,0
1985,"hev",NA,NA,NA,NA,NA,NA,NA,NA,NA,NA,0
1985,"icev",13.0032122743871,0,0,2981.49871433819,0,0,8167,8167,18.0886072638606,NA,1
1985,"phev",NA,NA,NA,NA,NA,NA,NA,NA,NA,NA,0
1986,"bev",NA,NA,NA,NA,NA,NA,NA,NA,NA,NA,0
1986,"hev",NA,NA,NA,NA,NA,NA,NA,NA,NA,NA,0
1986,"icev",12.7301571767542,0,0,3033.69678581587,0,0,10547,10547,18.4765982645919,NA,1
1986,"phev",NA,NA,NA,NA,NA,NA,NA,NA,NA,NA,0
1987,"bev",NA,NA,NA,NA,NA,NA,NA,NA,NA,NA,0
1987,"hev",NA,NA,NA,NA,NA,NA,NA,NA,NA,NA,0
1987,"icev",12.1409683974916,0,0,2921.55479963495,0,0,12053,12053,19.3732486815958,NA,1
1987,"phev",NA,NA,NA,NA,NA,NA,NA,NA,NA,NA,0
1988,"bev",NA,NA,NA,NA,NA,NA,NA,NA,NA,NA,0
1988,"hev",NA,NA,NA,NA,NA,NA,NA,NA,NA,NA,0
1988,"icev",12.6539130917957,0,0,2783.81904888065,0,0,15098,15098,18.587925987298,NA,1
1988,"phev",NA,NA,NA,NA,NA,NA,NA,NA,NA,NA,0
1989,"bev",NA,NA,NA,NA,NA,NA,NA,NA,NA,NA,0
1989,"hev",NA,NA,NA,NA,NA,NA,NA,NA,NA,NA,0
1989,"icev",12.4253473149509,0,0,2896.49045602069,0,0,18179,18179,18.9298531492139,NA,1
1989,"phev",NA,NA,NA,NA,NA,NA,NA,NA,NA,NA,0
1990,"bev",NA,NA,NA,NA,NA,NA,NA,NA,NA,NA,0
1990,"hev",NA,NA,NA,NA,NA,NA,NA,NA,NA,NA,0
1990,"icev",12.3256843039327,0,0,2810.20006716883,0,0,20843,20843,19.0829161448628,NA,1
1990,"phev",NA,NA,NA,NA,NA,NA,NA,NA,NA,NA,0
1991,"bev",NA,NA,NA,NA,NA,NA,NA,NA,NA,NA,0
1991,"hev",NA,NA,NA,NA,NA,NA,NA,NA,NA,NA,0
1991,"icev",12.1928296986061,0,0,2809.2835646213,0,0,23924,23924,19.2908459983567,NA,1
1991,"phev",NA,NA,NA,NA,NA,NA,NA,NA,NA,NA,0
1992,"bev",NA,NA,NA,NA,NA,NA,NA,NA,NA,NA,0
1992,"hev",NA,NA,NA,NA,NA,NA,NA,NA,NA,NA,0
1992,"icev",12.3969701544692,0,0,2927.29306487696,0,0,26820,26820,18.9731843401433,NA,1
1992,"phev",NA,NA,NA,NA,NA,NA,NA,NA,NA,NA,0
1993,"bev",NA,NA,NA,NA,NA,NA,NA,NA,NA,NA,0
1993,"hev",NA,NA,NA,NA,NA,NA,NA,NA,NA,NA,0
1993,"icev",12.4152222400288,0,0,2879.23112128147,0,0,32775,32775,18.94529114764,NA,1
1993,"phev",NA,NA,NA,NA,NA,NA,NA,NA,NA,NA,0
1994,"bev",NA,NA,NA,NA,NA,NA,NA,NA,NA,NA,0
1994,"hev",NA,NA,NA,NA,NA,NA,NA,NA,NA,NA,0
1994,"icev",12.7031542054536,0,0,2892.86830042765,0,0,39051,39051,18.5158737897571,NA,1
1994,"phev",NA,NA,NA,NA,NA,NA,NA,NA,NA,NA,0
1995,"bev",NA,NA,NA,NA,NA,NA,NA,NA,NA,NA,0
1995,"hev",NA,NA,NA,NA,NA,NA,NA,NA,NA,NA,0
1995,"icev",12.8322554455687,0,0,3024.34804786296,0,0,47051,47051,18.3295914734322,NA,1
1995,"phev",NA,NA,NA,NA,NA,NA,NA,NA,NA,NA,0
1996,"bev",NA,NA,NA,NA,NA,NA,NA,NA,NA,NA,0
1996,"hev",NA,NA,NA,NA,NA,NA,NA,NA,NA,NA,0
1996,"icev",12.5400931524426,0,0,2823.79058267039,0,0,46510,46510,18.7566389771343,NA,1
1996,"phev",NA,NA,NA,NA,NA,NA,NA,NA,NA,NA,0
1997,"bev",NA,NA,NA,NA,NA,NA,NA,NA,NA,NA,0
1997,"hev",NA,NA,NA,NA,NA,NA,NA,NA,NA,NA,0
1997,"icev",12.6317935269378,0,0,2968.35501540568,0,0,58420,58420,18.6204753504247,NA,1
1997,"phev",NA,NA,NA,NA,NA,NA,NA,NA,NA,NA,0
1998,"bev",NA,NA,NA,NA,NA,NA,NA,NA,NA,NA,0
1998,"hev",NA,NA,NA,NA,NA,NA,NA,NA,NA,NA,0
1998,"icev",12.6617740447615,0,0,2790.24556194718,0,0,64668,64668,18.576385834125,NA,1
1998,"phev",NA,NA,NA,NA,NA,NA,NA,NA,NA,NA,0
1999,"bev",NA,NA,NA,NA,NA,NA,NA,NA,NA,NA,0
1999,"hev",NA,NA,NA,NA,NA,NA,NA,NA,NA,NA,1.01190476190476e-06
1999,"icev",12.6277765722375,0,0,4185.76495095454,0,0,75848,75848,18.6263986105928,NA,0.999998988095238
1999,"phev",NA,NA,NA,NA,NA,NA,NA,NA,NA,NA,0
2000,"bev",NA,NA,NA,NA,NA,NA,NA,NA,NA,NA,0
2000,"hev",4.43792452830189,0,0,1500,0,0,35,92205,53,NA,0.000537047673750718
2000,"icev",12.4781923369196,0,0,4203.31561245525,0,0,92170,92205,18.8496854070823,NA,0.999462952326249
2000,"phev",NA,NA,NA,NA,NA,NA,NA,NA,NA,NA,0
2001,"bev",NA,NA,NA,NA,NA,NA,NA,NA,NA,NA,0
2001,"hev",5.60092719306223,0,0,2558.76288659794,0,0,97,99149,41.9948326218828,NA,0.00117576811594203
2001,"icev",12.7474974760367,0,0,4250.02422969753,0,0,99052,99149,18.4514647241278,NA,0.998824231884058
2001,"phev",NA,NA,NA,NA,NA,NA,NA,NA,NA,NA,0
2002,"bev",NA,NA,NA,NA,NA,NA,NA,NA,NA,NA,0
2002,"hev",5.67025097891211,0,0,2681.81818181818,0,0,132,109984,41.481409001957,NA,0.00214535714285714
2002,"icev",12.8732237292599,0,0,4276.74962677057,0,0,109852,109984,18.2712586176363,NA,0.997854642857143
2002,"phev",NA,NA,NA,NA,NA,NA,NA,NA,NA,NA,0
2003,"bev",NA,NA,NA,NA,NA,NA,NA,NA,NA,NA,0
2003,"hev",5.79640065028725,0,0,2763.25088339223,0,0,283,114154,40.5786304623963,NA,0.00285338932213557
2003,"icev",12.6725620152825,0,0,4285.53538653389,0,0,113871,114154,18.5605720229538,NA,0.997146610677864
2003,"phev",NA,NA,NA,NA,NA,NA,NA,NA,NA,NA,0
2004,"bev",NA,NA,NA,NA,NA,NA,NA,NA,NA,NA,0
2004,"hev",5.3677962531834,0,0,3119.03669724771,0,0,436,110730,43.8187272589767,NA,0.00499899109792285
2004,"icev",12.6974055439412,0,0,4330.13853881444,0,0,110294,110730,18.5242567220541,NA,0.995001008902077
2004,"phev",NA,NA,NA,NA,NA,NA,NA,NA,NA,NA,0
2005,"bev",NA,NA,NA,NA,NA,NA,NA,NA,NA,NA,0
2005,"hev",5.82723423401843,0,0,3313.09523809524,0,0,1260,118835,40.3639171782186,NA,0.0121174808711006
2005,"icev",12.6705102991597,0,0,4287.02870508186,0,0,117575,118835,18.5635775076556,NA,0.987882519128899
2005,"phev",NA,NA,NA,NA,NA,NA,NA,NA,NA,NA,0
2006,"bev",NA,NA,NA,NA,NA,NA,NA,NA,NA,NA,0
2006,"hev",6.88218466909418,0,0,4005.15132002576,0,0,1553,115723,34.1766475776591,NA,0.0153015795868773
2006,"icev",12.4191752207621,0,0,4302.52430585968,0,0,114170,115723,18.9392609266662,NA,0.984698420413123
2006,"phev",NA,NA,NA,NA,NA,NA,NA,NA,NA,NA,0
2007,"bev",NA,NA,NA,NA,NA,NA,NA,NA,NA,NA,0
2007,"hev",6.35936656105566,0,0,3572.72383830752,0,0,2647,124982,36.9863881475885,NA,0.0216309919901417
2007,"icev",11.9828160938817,0,0,4218.01365104018,0,0,122335,124982,19.6289418244595,NA,0.978369008009858
2007,"phev",NA,NA,NA,NA,NA,NA,NA,NA,NA,NA,0
2008,"bev",NA,NA,NA,NA,NA,NA,NA,NA,NA,NA,0
2008,"hev",6.51556688557797,0,0,3750.09120758847,0,0,2741,123292,36.0996984806696,NA,0.0237415789473684
2008,"icev",12.0861636954527,0,0,4174.55516752246,0,0,120551,123292,19.4610966661403,NA,0.976258421052632
2008,"phev",NA,NA,NA,NA,NA,NA,NA,NA,NA,NA,0
2009,"bev",NA,NA,NA,NA,NA,NA,NA,NA,NA,NA,0
2009,"hev",6.63125803813454,0,0,3672.42751563388,0,0,1759,86499,35.4698910293299,NA,0.027514028436019
2009,"icev",11.3610900500329,0,0,4017.11352371961,0,0,84740,86499,20.7031190637662,NA,0.972485971563981
2009,"phev",NA,NA,NA,NA,NA,NA,NA,NA,NA,NA,0
2010,"bev",NA,NA,NA,NA,NA,NA,NA,NA,NA,NA,0
2010,"hev",5.53703239321273,0,0,3423.18562874252,0,0,4175,104185,42.4794336201318,NA,0.0236990249374407
2010,"icev",11.1004055290438,0,0,4107.29127087291,0,0,100010,104185,21.189315956483,NA,0.976272844939166
2010,"phev",NA,NA,NA,NA,NA,NA,NA,NA,NA,NA,2.81301233928726e-05
2011,"bev",0,2.37585858585859,0,3300,73,0,97,115743,NA,98.9999999999998,0.000789794960087651
2011,"hev",5.82164269759807,0,0,3330.3738317757,0,0,2354,115743,40.4026856710125,NA,0.0210321646580059
2011,"icev",11.3733756484432,0,0,4235.4433062522,0,0,113240,115743,20.6807554125055,NA,0.977577711691971
2011,"phev",6.35702702702703,2.52913978494624,0.64,2800,35,0,52,115743,37,92.9999999999999,0.000600328689935827
2012,"bev",0,2.39469554669448,0,3360,82.6058823529412,0,170,122637,NA,98.2212541901923,0.00100641644818546
2012,"hev",5.71798349341387,0,0,3295.20624303233,0,0,3588,122637,41.1351309899585,NA,0.0299881330205602
2012,"icev",10.6958910178791,0,0,4087.4821794623,0,0,118543,122637,21.9906877890608,NA,0.966343383469022
2012,"phev",5.71167526544402,2.50773010799754,0.492107142857143,3008.03571428571,24.9107142857143,0,336,122637,41.1805624565239,93.793984946737,0.00266206706223265
2013,"bev",0,2.0951718034493,0,3166.79389312977,76.3167938931298,0,262,127349,NA,112.262870096272,0.00308453052847614
2013,"hev",5.72459843438037,0,0,3385.83722645685,0,0,4067,127349,41.0875981426738,NA,0.0317813622370446
2013,"icev",10.5217933952805,0,0,3842.95139796185,0,0,122464,127349,22.35455413005,NA,0.961990956900975
2013,"phev",5.999796288261,2.48322698207024,0.53673381294964,3021.22302158273,28.3201438848921,0,556,127349,39.2029976851387,94.7194926997402,0.00314315033350436
2014,"bev",0,2.07093176448859,0,2802.46913580247,82.1234567901235,0,81,72988,NA,113.57689520885,0.00384627028336159
2014,"hev",5.74318212290075,0,0,3340.97954122753,0,0,1613,72988,40.954647609399,NA,0.0273778154516832
2014,"icev",10.6561429425728,0,0,3931.99246640805,0,0,71148,72988,22.0727144209284,NA,0.965424194720271
2014,"phev",6.19825206270955,2.52132751053763,0.553741780821918,3020.54794520548,29.6917808219178,0,146,72988,37.94779522038,93.2881583280888,0.00335171954468394
2015,"bev",0,2.0645828787864,0,2919.58762886598,83.2577319587629,0,97,68536,NA,113.926160299392,0.00406730769230769
2015,"hev",5.59362577576151,0,0,3314.85429992893,0,0,1407,68536,42.0496489091601,NA,0.0220009157509158
2015,"icev",10.3169092334895,0,0,3925.35489076836,0,0,66922,68536,22.7984946534656,NA,0.971473042582418
2015,"phev",6.3399459359512,2.50741725122868,0.563127272727273,2972.72727272727,33.5,0,110,68536,37.0996854509787,93.8056878585893,0.00245873397435897
2016,"bev",0,2.0770721856553,0,2603.84615384615,84.1923076923077,0,26,69961,NA,113.241129328297,0.0049394042940942
2016,"hev",5.70022151542543,0,0,3368.45513413506,0,0,1081,69961,41.2633086913369,NA,0.0197590409476622
2016,"icev",10.0588066575748,0,0,3926.29749734611,0,0,68767,69961,23.383489513925,NA,0.971150691952845
2016,"phev",7.01672867706331,3.01814845833658,0.47458275862069,3609.19540229885,23.6896551724138,0,87,69961,33.5213189543538,77.9318854744584,0.00415086280539894
2017,"bev",0,2.06061023873724,0,3079.04761904762,174.819047619048,0,105,70067,NA,114.145797967178,0.00606389646567233
2017,"hev",5.6830034199464,0,0,3540.12789768185,0,0,1251,70067,41.3883263160553,NA,0.0210590215309616
2017,"icev",10.1929804069834,0,0,3887.92997453087,0,0,68318,70067,23.075684501351,NA,0.967584992165283
2017,"phev",5.94527327480917,2.45805644641273,0.565852417302799,3310.68702290076,32.5089058524173,0,393,70067,39.5625212043007,95.6894217556573,0.00529208983808253
2018,"bev",0,2.01904006279203,0,3634.65909090909,251.604166666667,0,528,56709,NA,116.495954852297,0.0119606053604436
2018,"hev",5.76297973391299,0,0,3654.96957403651,0,0,986,56709,40.8139557763628,NA,0.0195288239371534
2018,"icev",10.2393708040279,0,0,4030.33677151292,0,0,54874,56709,22.9711380222186,NA,0.96135466728281
2018,"phev",6.65312657189286,2.58699121114095,0.62390031152648,3579.7507788162,40.6604361370716,0,321,56709,35.3533030611021,90.9202934231324,0.00715590341959335
2019,"bev",0,2.11709412278972,0,3715.82089552239,248.411940298507,0,335,43141,NA,111.100398167494,0.0137066651034644
2019,"hev",5.64908122858226,0,0,3709.72067039106,0,0,895,43141,41.6368592488853,NA,0.0234154405299256
2019,"icev",9.98088825826501,0,0,3811.71341653293,0,0,41747,43141,23.5660388047353,NA,0.957848818805323
2019,"phev",6.5416296149406,2.56868502462646,0.619359756097561,3325.60975609756,41.5731707317073,0,164,43141,35.9558724423648,91.568252917348,0.0050290755612873
2020,"bev",0,2.04505002697808,0,3750,283.56338028169,82.8950356807512,426,33918,NA,115.014301311525,0.016388869804191
2020,"hev",5.50154157893,0,0,3562.28070175439,0,0,798,33918,42.7534712999017,NA,0.0312653383716936
2020,"icev",10.1613149766504,0,0,4256.9100951212,0,0,32590,33918,23.1475946312545,NA,0.947601786327722
2020,"phev",6.82391019532271,2.73102774003522,0.537798076923077,4090.38461538462,26.8173076923077,0,104,33918,34.4685075371038,86.1250863738816,0.00474400549639299
2021,"bev",0,2.20805558446467,0,3469.16058394161,292.919708029197,85.4994335766423,548,25513,NA,106.523586478021,0.0305957645178476
2021,"hev",5.98824929679663,0,0,3740.94063222822,0,0,1297,25513,39.2785918458378,NA,0.0532093766648908
2021,"icev",10.4672177268037,0,0,4374.90095846645,0,0,23475,25513,22.4711099108688,NA,0.904643380394246
2021,"phev",8.55471748351844,3.51370982613818,0.526176165803109,4158.0310880829,24.9740932642487,0,193,25513,27.4947712128608,66.9406444010525,0.0115514784230154
2022,"bev",0,1.967305034158,0,3702.49653259362,272.819694868239,70.5997808599168,721,12721,NA,119.559496832513,0.057
2022,"hev",6.25508979872462,0,0,4016.497829233,0,0,691,12721,37.6029773462178,NA,0.058
2022,"icev",10.624464051424,0,0,4289.15081703723,0,0,11199,12721,22.1385284812061,NA,0.865
2022,"phev",7.84121106350167,3.19023062992133,0.563554545454546,4157.27272727273,28.2909090909091,3.07636363636364,110,12721,29.9966418573819,73.7282119336307,0.02
2023,"bev",0,2.1860126604535,0,3939.65517241379,280.396551724138,88.7110172413793,58,600,NA,107.597729992654,0.07
2023,"hev",7.25618225910389,0,0,4422.72727272727,0,0,44,600,32.4151174269219,NA,0.075
2023,"icev",10.850096703787,0,0,4531.16089613035,0,0,491,600,21.678147801015,NA,0.8375
2023,"phev",9.10967791762013,3.70486725466015,0.576857142857143,3857.14285714286,30.4285714285714,7.24371428571428,7,600,25.8197932053176,63.4867550798595,0.0175
2024,"bev",0,2.69749609865701,0,4917.64705882353,290.058823529412,108.0356,17,961,NA,87.1956775459669,0.09
2024,"hev",6.39238799506178,0,0,3990.26548672566,0,0,113,961,36.7953259692158,NA,0.1
2024,"icev",10.116942510774,0,0,4099.1452991453,0,0,819,961,23.2491189654893,NA,0.79
2024,"phev",8.9434281935961,3.57324903231559,0.60725,4033.33333333333,33.0833333333333,16.56425,12,961,26.2997583150968,65.825246959509,0.02
